Iteration,Elapsed Time,Discriminator Loss,Value Loss,Policy Loss,Edit Distance,Best Edit Distance
10,378.5828514099121,1.419592261314392,291.6465765237808,-2.022608758881688,1.0,1.0
20,755.1319046020508,1.4090464115142822,48.207991912961006,-2.866858769208193,0.9998857142857144,0.9998857142857144
30,1131.7457513809204,1.3889151811599731,35.96215809881687,-3.1606686767190695,0.9921047619047619,0.9921047619047619
40,1507.2851877212524,1.4051605463027954,68.93116196990013,-3.6624618899077177,0.7630798512141029,0.7630798512141029
50,1874.6530754566193,1.3293383121490479,47.695248916745186,-2.258563938550651,0.7671103693156612,0.7630798512141029
